date,iv_current,hv_current
2019-02-09,0.1288,0.1589
2019-02-16,0.1276,0.1394
2019-02-23,0.1137,0.1091
2019-03-02,0.1052,0.1048
2019-03-09,0.1334,0.0972
2019-03-16,0.1047,0.0883
2019-03-23,0.1448,0.1056
2019-03-30,0.1184,0.1041
2019-04-06,0.1029,0.1036
2019-04-13,0.0971,0.1052
2019-04-20,0.0987,0.0980
2019-04-27,0.1004,0.0922
2019-05-04,0.1030,0.0939
2019-05-10,0.1398,0.0878
2019-05-11,0.1398,0.0878
2019-05-18,0.1387,0.1183
2019-05-25,0.1485,0.1260
2019-06-01,0.1786,0.1328
2019-06-08,0.1411,0.1531
2019-06-15,0.1327,0.1520
2019-06-22,0.1319,0.1467
2019-06-30,0.1274,0.1234
2019-07-06,0.1096,0.1207
2019-07-13,0.1014,0.1079
2019-07-20,0.1199,0.0832
2019-07-27,0.1002,0.0836
2019-08-03,0.1552,0.0893
2019-08-10,0.1558,0.1420
2019-08-17,0.1648,0.1770
2019-08-24,0.1901,0.1958
2019-08-31,0.1628,0.2031
2019-09-07,0.1199,0.2080
2019-09-14,0.1087,0.2037
2019-09-21,0.1333,0.1700
2019-09-28,0.1498,0.1346
2019-10-05,0.1525,0.1436
2019-10-12,0.1392,0.1268
2019-10-19,0.1243,0.1201
2019-10-26,0.1070,0.1209
2019-11-02,0.1013,0.1211
2019-11-09,0.1015,0.1160
2019-11-16,0.0998,0.0854
2019-11-23,0.1084,0.0581
2019-11-30,0.1039,0.0571
2019-12-07,0.1100,0.0682
2019-12-14,0.0927,0.0704
2019-12-21,0.0923,0.0682
2019-12-28,0.1059,0.0685
2020-01-04,0.1171,0.0776
2020-01-06,0.1153,0.0766
2020-01-08,0.1098,0.0780
2020-01-10,0.1043,0.0782
2020-01-13,0.1000,0.0794
2020-01-15,0.1053,0.0727
2020-01-17,0.0980,0.0695
2020-01-20,0.0980,0.0695
2020-01-22,0.1098,0.0674
2020-01-24,0.1269,0.0725
2020-01-27,0.1602,0.0887
2020-01-29,0.1465,0.0904
2020-01-31,0.1615,0.1049
2020-02-03,0.1594,0.1069
2020-02-05,0.1307,0.1186
2020-02-07,0.1298,0.1203
2020-02-10,0.1264,0.1211
2020-02-12,0.1121,0.1202
2020-02-14,0.1111,0.1181
2020-02-19,0.1212,0.1159
2020-02-21,0.1476,0.1207
2020-02-24,0.2152,0.1556
2020-02-26,0.2436,0.1771
2020-02-28,0.3651,0.2180
2020-03-02,0.2885,0.2535
2020-03-04,0.2648,0.2943
2020-03-06,0.3651,0.3105
2020-03-09,0.4896,0.3835
2020-03-11,0.4913,0.4340
2020-03-13,0.5174,0.5765
2020-03-16,0.7663,0.6575
2020-03-18,0.7341,0.6881
2020-03-20,0.5918,0.6938
2020-03-23,0.5624,0.6945
2020-03-25,0.5826,0.7536
2020-03-27,0.5796,0.7792
2020-03-30,0.4906,0.7879
2020-04-01,0.5285,0.7939
2020-04-03,0.4210,0.7998
2020-04-06,0.3884,0.8250
2020-04-08,0.3814,0.8296
2020-04-10,0.3683,0.8217
2020-04-13,0.3667,0.8220
2020-04-15,0.3649,0.8147
2020-04-17,0.3257,0.8040
2020-04-20,0.3845,0.8042
2020-04-22,0.3705,0.7617
2020-04-24,0.3066,0.6837
2020-04-27,0.2793,0.6439
2020-05-01,0.3203,0.5070
2020-05-04,0.3109,0.4793
2020-05-06,0.3020,0.4073
2020-05-08,0.2293,0.3781
2020-05-11,0.2300,0.3643
2020-05-13,0.3139,0.3632
2020-05-15,0.2788,0.3284
2020-05-18,0.2421,0.3316
2020-05-20,0.2440,0.2856
2020-05-22,0.2441,0.2706
2020-05-25,0.2441,0.2706
2020-05-27,0.2294,0.2609
2020-05-29,0.2235,0.2514
2020-06-01,0.2317,0.2412
2020-06-03,0.2084,0.2127
2020-06-05,0.1964,0.2159
2020-06-09,0.2083,0.2153
2020-06-10,0.2289,0.2162
2020-06-12,0.2976,0.2738
2020-06-15,0.2823,0.2610
2020-06-17,0.2736,0.2655
2020-06-19,0.2921,0.2653
2020-06-22,0.2571,0.2623
2020-06-24,0.2862,0.2670
2020-06-26,0.2915,0.2712
2020-06-29,0.2634,0.2736
2020-07-01,0.2335,0.2607
2020-07-03,0.2231,0.2571
2020-07-06,0.2239,0.2587
2020-07-08,0.2318,0.2602
2020-07-10,0.2255,0.2592
2020-07-13,0.2607,0.2607
2020-07-15,0.2307,0.2631
2020-07-17,0.2080,0.2608
2020-07-20,0.1970,0.2515
2020-07-22,0.1960,0.2486
2020-07-24,0.2110,0.1772
2020-07-27,0.1980,0.1755
2020-07-29,0.1936,0.1708
2020-07-31,0.1952,0.1717
2020-08-03,0.1963,0.1687
2020-08-05,0.1844,0.1686
2020-08-07,0.1726,0.1451
2020-08-10,0.1709,0.1207
2020-08-12,0.1775,0.1219
2020-08-14,0.1721,0.1220
2020-08-17,0.1686,0.1158
2020-08-19,0.1804,0.1102
2020-08-21,0.1696,0.1052
2020-08-24,0.1680,0.1023
2020-08-26,0.1761,0.0984
2020-08-28,0.1765,0.0974
2020-08-31,0.1934,0.0979
2020-09-02,0.2011,0.1051
2020-09-04,0.2348,0.1476
2020-09-07,0.2348,0.1476
2020-09-09,0.2312,0.1769
2020-09-11,0.2249,0.1822
2020-09-14,0.2131,0.1845
2020-09-16,0.2109,0.1845
2020-09-18,0.2163,0.1904
2020-09-21,0.2290,0.1930
2020-09-23,0.2480,0.2052
2020-09-25,0.2249,0.2069
2020-09-28,0.2257,0.2129
2020-09-30,0.2326,0.2143
2020-10-02,0.2363,0.2164
2020-10-05,0.2489,0.2224
2020-10-07,0.2523,0.2298
2020-10-09,0.2141,0.2309
2020-10-12,0.2108,0.2348
2020-10-14,0.2311,0.2344
2020-10-16,0.2339,0.2063
2020-10-19,0.2461,0.2098
2020-10-21,0.2571,0.1849
2020-10-23,0.2407,0.1776
2020-10-26,0.2828,0.1828
2020-10-28,0.3504,0.2081
2020-10-30,0.3278,0.2066
2020-11-02,0.3163,0.2066
2020-11-04,0.2487,0.2069
2020-11-06,0.2085,0.2092
2020-11-09,0.2116,0.2071
2020-11-11,0.1906,0.2061
2020-11-13,0.1843,0.2087
2020-11-18,0.2006,0.2005
2020-11-20,0.1977,0.1995
2020-11-23,0.1854,0.1950
2020-11-25,0.1709,0.1977
2020-11-27,0.1677,0.1976
2020-11-30,0.1655,0.1983
2020-12-02,0.1669,0.1935
2020-12-04,0.1588,0.1939
2020-12-07,0.1740,0.1943
2020-12-09,0.1803,0.1864
2020-12-11,0.1835,0.1487
2020-12-16,0.1719,0.1400
2020-12-18,0.1685,0.1220
2020-12-21,0.1967,0.1229
2020-12-23,0.1831,0.1186
2020-12-25,0.1674,0.1174
2020-12-28,0.1697,0.1146
2020-12-30,0.1780,0.1040
2021-01-01,0.1761,0.1029
2021-01-04,0.2106,0.1048
2021-01-06,0.1964,0.1037
2021-01-08,0.1684,0.1022
2021-01-11,0.1911,0.1047
2021-01-13,0.1733,0.1033
2021-01-15,0.1945,0.1033
2021-01-18,0.1945,0.1033
2021-01-20,0.1697,0.1094
2021-01-22,0.1695,0.1097
2021-01-25,0.1830,0.1057
2021-01-27,0.2986,0.1303
2021-01-29,0.2651,0.1399
2021-02-01,0.2341,0.1478
2021-02-03,0.1796,0.1498
2021-02-05,0.1609,0.1518
2021-02-08,0.1646,0.1525
2021-02-10,0.1723,0.1514
2021-02-12,0.1572,0.1514
2021-02-15,0.1572,0.1514
2021-02-17,0.1678,0.1442
2021-02-19,0.1775,0.1443
2021-02-22,0.1833,0.1410
2021-02-24,0.1675,0.1416
2021-02-26,0.2199,0.1604
2021-03-01,0.1742,0.1742
2021-03-03,0.2092,0.1779
2021-03-05,0.1918,0.1851
2021-03-08,0.1995,0.1854
2021-03-10,0.1729,0.1903
2021-03-12,0.1560,0.1752
2021-03-15,0.1515,0.1632
2021-03-17,,0.1577
2021-03-22,0.1466,0.1593
2021-03-24,0.1654,0.1604
2021-03-26,0.1407,0.1678
2021-03-31,0.1519,0.1678
2021-04-02,0.1337,0.1699
2021-04-05,0.1395,0.1740
2021-04-07,0.1339,0.1720
2021-04-09,0.1308,0.1521
2021-04-12,0.1340,0.1505
2021-04-14,0.1350,0.1341
2021-04-16,0.1279,0.1195
2021-04-19,0.1384,0.1133
2021-04-21,0.1424,0.1114
2021-04-23,0.1392,0.1162
2021-04-26,0.1412,0.1161
2021-04-28,0.1404,0.1155
2021-04-30,0.1449,0.1083
2021-05-03,0.1420,0.1061
2021-05-05,0.1531,0.1036
2021-05-07,0.1268,0.1030
2021-05-10,0.1545,0.1013
2021-05-14,0.1474,0.1320
2021-05-17,0.1564,0.1265
2021-05-21,0.1544,0.1311
2021-05-24,0.1382,0.1342
2021-05-27,0.1249,0.1303
2021-05-28,0.1205,0.1301
2021-05-31,0.1205,0.1301
2021-06-02,0.1289,0.1272
2021-06-04,0.1192,0.1243
2021-06-07,0.1165,0.1207
2021-06-09,0.1281,0.1207
2021-06-11,0.1059,0.1201
2021-06-15,0.1179,0.1185
2021-06-16,0.1272,0.1182
2021-06-18,0.1603,0.1263
2021-06-21,0.1259,0.1314
2021-06-23,0.1177,0.1259
2021-06-25,0.1047,0.1034
2021-06-28,0.1101,0.0946
2021-06-30,0.1141,0.0896
2021-07-02,0.1047,0.0873
2021-07-05,0.1047,0.0873
2021-07-07,0.1180,0.0839
2021-07-09,0.1128,0.0920
2021-07-12,0.1152,0.0922
2021-07-14,0.1216,0.0930
2021-07-16,0.1388,0.0966
2021-07-19,0.1688,0.1038
2021-07-21,0.1330,0.1134
2021-07-23,0.1207,0.1159
2021-07-26,0.1254,0.1159
2021-07-28,0.1368,0.1169
2021-08-02,0.1440,0.1040
2021-08-04,0.1330,0.1001
2021-08-06,0.1170,0.1000
2021-08-09,0.1183,0.1000
2021-08-11,0.1163,0.1000
2021-08-13,0.1071,0.0993
2021-08-16,0.1143,0.0975
2021-08-18,0.1616,0.1050
2021-08-20,0.1315,0.0999
2021-08-23,0.1197,0.1023
2021-08-25,0.1166,0.1016
2021-08-27,0.1072,0.1019
2021-08-30,0.1119,0.0897
2021-09-01,0.1105,0.0801
2021-09-03,0.1086,0.0758
2021-09-06,0.1086,0.0758
2021-09-08,0.1211,0.0753
2021-09-10,0.1465,0.0800
2021-09-13,0.1349,0.0787
2021-09-15,0.1304,0.0804
2021-09-17,0.1551,0.0864
2021-09-20,0.2008,0.0990
2021-09-22,0.1624,0.1033
2021-09-24,0.1327,0.1089
2021-09-27,0.1411,0.1091
2021-09-29,0.1844,0.1224
2021-10-01,0.1728,0.1285
2021-10-04,0.1955,0.1310
2021-10-06,0.1790,0.1327
2021-10-08,0.1554,0.1345
2021-10-11,0.1689,0.1327
2021-10-13,0.1566,0.1325
2021-10-15,0.1232,0.1439
2021-10-18,0.1238,0.1443
2021-10-20,0.1194,0.1462
2021-10-22,0.1196,0.1437
2021-10-25,0.1187,0.1443
2021-10-27,0.1300,0.1443
2021-10-29,0.1195,0.1384
2021-11-01,0.1252,0.1273
2021-11-03,0.1158,0.1257
2021-11-05,0.1193,0.1224
2021-11-08,0.1242,0.1216
2021-11-10,0.1433,0.1076
2021-11-12,0.1230,0.0959
2021-11-15,0.1275,0.0844
2021-11-17,0.1354,0.0827
2021-11-19,0.1355,0.0806
2021-11-22,0.1457,0.0770
2021-11-24,0.1382,0.0756
2021-11-26,0.2222,0.0949
2021-11-29,0.1691,0.0984
2021-12-01,0.2358,0.1184
2021-12-03,0.2259,0.1285
2021-12-08,0.1485,0.1446
2021-12-10,0.1350,0.1454
2021-12-13,0.1574,0.1480
2021-12-15,0.1487,0.1556
2021-12-17,0.1751,0.1618
2021-12-20,0.1960,0.1640
2021-12-22,0.1480,0.1749
2021-12-24,0.1352,0.1740
2021-12-27,0.1306,0.1784
2021-12-29,0.1258,0.1774
2021-12-31,0.1250,0.1774
2022-01-03,0.1242,0.1779
2022-01-05,0.1579,0.1868
2022-01-07,0.1493,0.1869
2022-01-10,0.1547,0.1746
2022-01-12,0.1425,0.1624
2022-01-14,0.1583,0.1587
2022-01-17,0.1583,0.1587
2022-01-19,0.2065,0.1645
2022-01-21,0.2413,0.1628
2022-01-24,0.2459,0.1633
2022-01-26,0.2686,0.1612
2022-01-28,0.2276,0.1714
2022-01-31,0.2040,0.1795
2022-02-02,0.1814,0.1762
2022-02-04,0.1965,0.1792
2022-02-07,0.1949,0.1778
2022-02-09,0.1654,0.1805
2022-02-11,0.2307,0.1937
2022-02-14,0.2389,0.1937
2022-02-16,0.2061,0.1999
2022-02-21,0.2432,0.2020
2022-02-23,0.2723,0.2080
2022-02-25,0.2304,0.2232
2022-02-28,0.2473,0.2205
2022-03-02,0.2561,0.2267
2022-03-04,0.2661,0.2244
2022-03-07,0.3093,0.2335
2022-03-09,0.2731,0.2451
2022-03-11,0.2615,0.2476
2022-03-14,0.2758,0.2361
2022-03-16,0.2211,0.2478
2022-03-18,0.1923,0.2408
2022-03-21,0.1928,0.2404
2022-03-23,0.1955,0.2443
2022-03-25,0.1665,0.2392
2022-03-28,0.1554,0.2321
2022-03-30,0.1581,0.2309
2022-04-01,0.1563,0.2265
2022-04-04,0.1492,0.2262
2022-04-06,0.1844,0.2224
2022-04-08,0.1751,0.2109
2022-04-11,0.2087,0.2171
2022-04-13,0.1861,0.2083
2022-04-15,0.1965,0.2112
2022-04-18,0.1928,0.2097
2022-04-20,0.1770,0.1916
2022-04-22,0.2460,0.2010
2022-04-25,0.2379,0.1979
2022-04-27,0.2674,0.2053
2022-05-02,0.2735,0.2299
2022-05-04,0.2231,0.2459
2022-05-06,0.2622,0.2588
2022-05-09,0.3016,0.2713
2022-05-11,0.2975,0.2671
2022-05-13,0.2618,0.2781
2022-05-16,0.2570,0.2774
2022-05-18,0.2877,0.3032
2022-05-20,0.2692,0.3019
2022-05-23,0.2600,0.3093
2022-05-25,0.2645,0.3091
2022-05-27,0.2306,0.3218
2022-05-30,0.2306,0.3218
2022-06-01,0.2377,0.3177
2022-06-03,0.2219,0.3244
2022-06-06,0.2227,0.3154
2022-06-08,0.2191,0.3063
2022-06-10,0.2525,0.3137
2022-06-13,0.3051,0.3147
2022-06-15,0.2743,0.3169
2022-06-17,0.2748,0.2987
2022-06-20,0.2748,0.2987
2022-06-22,0.2648,0.2974
2022-06-27,0.2437,0.3109
2022-06-29,0.2606,0.3077
2022-07-01,0.2487,0.2800
2022-07-04,,0.2800
2022-07-06,0.2521,0.2799
2022-07-08,0.2254,0.2772
2022-07-11,0.2424,0.2775
2022-07-13,0.2521,0.2595
2022-07-15,0.2207,0.2664
2022-07-18,0.2336,0.2594
2022-07-20,0.2226,0.2704
2022-07-22,0.2064,0.2702
2022-07-25,0.2070,0.2615
2022-07-27,0.2089,0.2314
2022-07-29,0.1868,0.2328
2022-08-01,0.2020,0.2066
2022-08-03,0.1969,0.2015
2022-08-05,0.1865,0.2009
2022-08-08,0.1837,0.1823
2022-08-10,0.1738,0.1773
2022-08-12,0.1657,0.1778
2022-08-15,0.1764,0.1768
2022-08-17,0.1851,0.1797
2022-08-19,0.1835,0.1827
2022-08-22,0.2130,0.1911
2022-08-24,0.2083,0.1872
2022-08-26,0.2250,0.2130
2022-08-29,0.2336,0.2124
2022-08-31,0.2357,0.2023
2022-09-02,0.2282,0.2008
2022-09-05,,0.2008
2022-09-07,0.2231,0.2047
2022-09-09,0.2022,0.1933
2022-09-12,0.2122,0.1911
2022-09-14,0.2381,0.2303
2022-09-16,0.2449,0.2283
2022-09-19,0.2414,0.2302
2022-09-21,0.2661,0.2359
2022-09-23,0.2710,0.2282
2022-09-26,0.2928,0.2196
2022-09-28,0.2740,0.2289
2022-09-30,0.2777,0.2340
2022-10-03,0.2687,0.2505
2022-10-05,0.2598,0.2654
2022-10-07,0.2801,0.2697
2022-10-10,0.2937,0.2549
2022-10-12,0.3092,0.2540
2022-10-14,0.2942,0.2737
2022-10-17,0.2906,0.2851
2022-10-19,0.2864,0.2822
2022-10-24,0.2820,0.2879
2022-10-26,0.2575,0.2644
2022-10-28,0.2422,0.2700
2022-10-31,0.2434,0.2699
2022-11-02,0.2475,0.2735
2022-11-04,0.2324,0.2725
2022-11-07,0.2308,0.2717
2022-11-09,0.2454,0.2738
2022-11-11,0.2018,0.3020
2022-11-14,0.2252,0.2963
2022-11-16,0.2325,0.2859
2022-11-18,0.2251,0.2694
2022-11-21,0.2168,0.2682
2022-11-23,0.1927,0.2676
2022-11-25,0.1916,0.2595
2022-11-28,0.2094,0.2541
2022-11-30,0.1937,0.2581
2022-12-02,0.1795,0.2545
2022-12-05,0.1962,0.2545
2022-12-07,0.2158,0.2535
2022-12-09,0.2153,0.2536
2022-12-12,0.2332,0.2479
2022-12-14,0.1966,0.2479
2022-12-16,0.2134,0.2504
2022-12-19,0.2124,0.2487
2022-12-21,0.1926,0.2504
2022-12-23,0.2004,0.1895
2022-12-26,0.2004,0.1895
2022-12-28,0.2139,0.1886
2022-12-30,0.2088,0.1939
2023-01-02,0.2088,0.1939
2023-01-04,0.2135,0.1951
2023-01-06,0.2025,0.2050
2023-01-09,0.2100,0.2039
2023-01-11,0.2008,0.2037
2023-01-13,0.1690,0.1822
2023-01-20,0.1841,0.1852
2023-01-23,0.1806,0.1882
2023-01-25,0.1755,0.1855
2023-01-27,0.1692,0.1825
2023-01-30,0.1835,0.1853
2023-02-01,0.1604,0.1676
2023-02-03,0.1640,0.1726
2023-02-06,0.1761,0.1704
2023-02-08,0.1790,0.1705
2023-02-10,0.1928,0.1669
2023-02-13,0.1896,0.1629
2023-02-15,0.1708,0.1612
2023-02-17,0.1868,0.1631
2023-02-20,0.1868,0.1631
2023-02-22,0.2070,0.1642
2023-02-24,0.2026,0.1632
2023-02-27,0.1970,0.1631
2023-03-01,0.1968,0.1634
2023-03-03,0.1729,0.1622
2023-03-06,0.1737,0.1539
2023-03-08,0.1804,0.1570
2023-03-10,0.2243,0.1667
2023-03-13,0.2394,0.1663
2023-03-15,0.2283,0.1653
2023-03-17,0.2262,0.1690
2023-03-20,0.2152,0.1703
2023-03-22,0.2050,0.1759
2023-03-24,0.1981,0.1743
2023-03-27,0.1876,0.1742
2023-03-29,0.1752,0.1762
2023-03-31,0.1679,0.1775
2023-04-03,0.1660,0.1776
2023-04-05,0.1737,0.1678
2023-04-07,0.1691,0.1675
2023-04-10,0.1726,0.1640
2023-04-12,0.1723,0.1640
2023-04-14,0.1514,0.1663
2023-04-17,0.1482,0.1606
2023-04-19,0.1457,0.1531
2023-04-21,0.1465,0.1427
2023-04-24,0.1474,0.1341
2023-04-26,0.1711,0.1379
2023-04-28,0.1343,0.1402
2023-05-01,0.1382,0.1307
2023-05-03,0.1620,0.1317
2023-05-05,0.1470,0.1325
2023-05-08,0.1466,0.1317
2023-05-10,0.1450,0.1327
2023-05-12,0.1451,0.1264
2023-05-15,0.1472,0.1202
2023-05-17,0.1439,0.1252
2023-05-19,0.1419,0.1273
2023-05-22,0.1439,0.1273
2023-05-24,0.1660,0.1333
2023-05-26,0.1436,0.1349
2023-05-29,,0.1349
2023-06-02,0.1198,0.1426
2023-06-07,0.1135,0.1342
2023-06-09,0.1095,0.1225
2023-06-12,0.1206,0.1228
2023-06-14,0.1138,0.1172
2023-06-16,0.1154,0.1177
2023-06-19,,0.1177
2023-06-21,0.1144,0.1119
2023-06-23,0.1147,0.1135
2023-06-26,0.1211,0.1143
2023-06-28,0.1155,0.1171
2023-06-30,0.1113,0.1142
2023-07-05,0.1197,0.1120
2023-07-07,0.1242,0.1096
2023-07-10,0.1280,0.1061
2023-07-12,0.1130,0.1017
2023-07-14,0.1130,0.1007
2023-07-17,0.1146,0.0986
2023-07-19,0.1181,0.0923
2023-07-21,0.1138,0.0946
2023-07-24,0.1163,0.0941
2023-07-26,0.1117,0.0918
2023-07-28,0.1129,0.0968
2023-07-31,0.1168,0.0912
2023-08-02,0.1361,0.0975
2023-08-04,0.1403,0.0975
2023-08-07,0.1294,0.0967
2023-08-09,0.1381,0.0952
2023-08-11,0.1308,0.0947
2023-08-14,0.1305,0.0900
2023-08-16,0.1525,0.0987
2023-08-18,0.1540,0.0983
2023-08-21,0.1512,0.0999
2023-08-23,0.1395,0.1010
2023-08-25,0.1384,0.1080
2023-08-28,0.1329,0.1092
2023-08-30,0.1173,0.1158
2023-09-01,0.1106,0.1145
2023-09-04,0.1106,0.1145
2023-09-06,0.1246,0.1154
2023-09-08,0.1189,0.1144
2023-09-11,0.1193,0.1122
2023-09-13,0.1148,0.1128
2023-09-15,0.1176,0.1175
2023-09-18,0.1223,0.1169
2023-09-20,0.1338,0.1161
2023-09-22,0.1520,0.1239
2023-09-25,0.1510,0.1248
2023-09-27,0.1624,0.1260
2023-09-29,0.1577,0.1247
2023-10-02,0.1610,0.1246
2023-10-04,0.1687,0.1303
2023-10-06,0.1578,0.1251
2023-10-09,0.1580,0.1247
2023-10-11,0.1399,0.1168
2023-10-13,0.1632,0.1172
2023-10-16,0.1486,0.1219
2023-10-18,0.1681,0.1257
2023-10-20,0.1885,0.1311
2023-10-23,0.1790,0.1286
2023-10-25,0.1811,0.1359
2023-10-27,0.1892,0.1294
2023-10-30,0.1775,0.1358
2023-11-03,0.1284,0.1469
2023-11-06,0.1295,0.1466
2023-11-09,0.1350,0.1410
2023-11-10,0.1236,0.1473
2023-11-13,0.1328,0.1473
2023-11-29,0.1110,0.1413
2023-12-01,0.1101,0.1308
2023-12-04,0.1142,0.1253
2023-12-06,0.1156,0.1255
2023-12-08,0.1090,0.1065
2023-12-11,0.1115,0.1036
2023-12-13,0.1045,0.1047
2023-12-15,0.1042,0.0955
2023-12-18,0.1080,0.0941
2023-12-20,0.1155,0.1064
2023-12-22,0.1134,0.1037
2023-12-25,0.1134,0.1037
2023-12-27,0.1082,0.0962
2023-12-29,0.1066,0.0837
2024-01-01,0.1066,0.0837
2024-01-03,0.1248,0.0910
2024-01-05,0.1196,0.0894
2024-01-08,0.1143,0.0969
2024-01-10,0.1104,0.0975
2024-01-12,0.1087,0.0975
2024-01-15,,0.0975
2024-01-17,0.1262,0.0994
2024-01-19,0.1131,0.1049
2024-01-22,0.1122,0.1034
2024-01-24,0.1097,0.1019
2024-01-26,0.1102,0.1023
2024-01-29,0.1128,0.0976
2024-01-31,0.1218,0.1087
2024-02-02,0.1126,0.1158
2024-02-05,0.1122,0.1076
2024-02-07,0.1082,0.1070
2024-02-09,0.1083,0.1074
2024-02-12,0.1178,0.1075
2024-02-14,0.1191,0.1162
2024-02-16,0.1207,0.1139
2024-02-19,0.1207,0.1139
2024-02-21,0.1268,0.1102
2024-02-23,0.1154,0.1223
2024-02-26,0.1157,0.1233
2024-02-28,0.1143,0.1224
2024-03-01,0.1106,0.1205
2024-03-04,0.1150,0.1171
2024-03-06,0.1239,0.1226
2024-03-08,0.1252,0.1265
2024-03-11,0.1301,0.1264
2024-03-13,0.1165,0.1280
2024-03-15,0.1257,0.1170
2024-03-18,0.1262,0.1147
2024-03-20,0.1143,0.1165
2024-03-22,0.1096,0.1153
2024-03-25,0.1129,0.1152
2024-03-27,0.1070,0.1081
2024-03-29,0.1075,0.1061
2024-04-01,0.1135,0.1053
2024-04-03,0.1262,0.1041
2024-04-05,0.1385,0.0994
2024-04-08,0.1327,0.0994
2024-04-10,0.1394,0.1034
2024-04-12,0.1501,0.1131
2024-04-15,0.1685,0.1155
2024-04-17,0.1638,0.1132
2024-04-19,0.1661,0.1098
2024-04-22,0.1514,0.1129
2024-04-24,0.1408,0.1140
2024-04-26,0.1332,0.1180
2024-04-29,0.1297,0.1149
2024-05-01,0.1388,0.1212
2024-05-03,0.1221,0.1267
2024-05-06,0.1212,0.1306
2024-05-08,0.1159,0.1303
2024-05-10,0.1118,0.1291
2024-05-13,0.1209,0.1291
2024-05-15,0.1077,0.1330
2024-05-17,0.1034,0.1244
2024-05-20,0.1064,0.1244
2024-05-22,0.1081,0.1207
2024-05-24,0.1019,0.1146
2024-05-27,,0.1146
2024-05-29,0.1163,0.1094
2024-05-31,0.1116,0.1115
2024-06-03,0.1150,0.1070
2024-06-05,0.1104,0.1049
2024-06-07,0.1074,0.1039
2024-06-10,0.1116,0.1015
2024-06-12,0.1007,0.0881
2024-06-14,0.1038,0.0843
2024-06-17,0.1065,0.0807
2024-06-19,,0.0770
2024-06-21,0.1105,0.0803
2024-06-24,0.1148,0.0806
2024-06-26,0.1080,0.0808
2024-06-28,0.1087,0.0748
2024-07-01,0.1027,0.0743
2024-07-03,0.1032,0.0767
2024-07-05,0.1039,0.0777
2024-07-08,0.1048,0.0766
2024-07-10,0.1083,0.0743
2024-07-12,0.1055,0.0771
2024-07-15,0.1112,0.0725
2024-07-17,0.1242,0.0851
2024-07-19,0.1395,0.0869
2024-07-22,0.1293,0.0910
2024-07-24,0.1562,0.1146
2024-07-26,0.1460,0.1176
2024-07-29,0.1498,0.1175
2024-08-12,0.1745,0.1822
2024-08-14,0.1394,0.1878
2024-08-16,0.1258,0.1933
2024-08-19,0.1245,0.1953
2024-08-21,0.1348,0.1935
2024-08-23,0.1278,0.1948
2024-08-26,0.1299,0.1947
2024-08-28,0.1362,0.1903
2024-08-30,0.1153,0.1894
2024-09-02,0.1153,0.1894
2024-09-04,0.1646,0.1973
2024-09-06,0.1811,0.1915
2024-09-09,0.1668,0.1915
2024-09-11,0.1506,0.1934
2024-09-12,0.1397,0.1893
2024-09-13,0.1369,0.1844
2024-09-16,0.1402,0.1745
2024-09-17,0.1407,0.1471
2024-09-18,0.1451,0.1468
2024-09-19,0.1270,0.1499
2024-09-20,0.1247,0.1395
2024-09-23,0.1243,0.1394
2024-09-24,0.1188,0.1393
2024-09-25,0.1232,0.1333
2024-09-26,0.1217,0.1334
2024-09-27,0.1305,0.1255
2024-09-30,0.1274,0.1257
2024-10-01,0.1470,0.1265
2024-10-02,0.1491,0.1263
2024-10-03,0.1599,0.1262
2024-10-04,0.1469,0.1261
2024-10-07,0.1797,0.1260
2024-10-08,0.1692,0.1284
2024-10-09,0.1644,0.1296
2024-10-10,0.1632,0.1283
2024-10-11,0.1598,0.1290
2024-10-14,0.1561,0.1283
2024-10-15,0.1617,0.1137
2024-10-16,0.1550,0.1134
2024-10-17,0.1504,0.1128
2024-10-18,0.1454,0.0976
2024-10-21,0.1514,0.0949
2024-10-22,0.1519,0.0950
2024-10-23,0.1645,0.0971
2024-10-24,0.1610,0.0948
2024-10-25,0.1656,0.0942
2024-10-28,0.1637,0.0943
2024-10-29,0.1618,0.0943
2024-10-30,0.1655,0.0944
2024-10-31,0.1876,0.1006
2024-11-01,0.1807,0.1004
2024-11-04,0.1818,0.1004
2024-11-05,0.1660,0.1060
2024-11-06,0.1276,0.1268
2024-11-07,0.1218,0.1280
2024-11-08,0.1182,0.1280
2024-11-11,0.1218,0.1278
2024-11-13,0.1166,0.1247
2024-11-14,0.1171,0.1265
2024-11-15,0.1328,0.1310
2024-11-18,0.1308,0.1279
2024-11-19,0.1346,0.1258
2024-11-20,0.1411,0.1245
2024-11-21,0.1346,0.1250
2024-11-22,0.1212,0.1243
2024-11-25,0.1138,0.1226
2024-11-26,0.1075,0.1205
2024-11-27,0.1061,0.1207
2024-11-28,,0.1207
2024-11-29,0.1022,0.1216
2024-12-02,0.1020,0.1214
2024-12-03,0.1006,0.1211
2024-12-04,0.0988,0.1219
2024-12-05,0.0988,0.1181
2024-12-06,0.0966,0.1181
2024-12-09,0.1072,0.1196
2024-12-10,0.1072,0.1202
2024-12-11,0.1016,0.1217
2024-12-12,0.1042,0.1225
2024-12-13,0.1031,0.1050
2024-12-16,0.1105,0.1050
2024-12-17,0.1166,0.1059
2024-12-18,0.1727,0.1372
2024-12-19,0.1725,0.1168
2024-12-20,0.1475,0.1173
2024-12-23,0.1347,0.1180
2024-12-24,0.1053,0.1224
2024-12-25,0.1053,0.1224
2024-12-26,0.1131,0.1220
2024-12-27,0.1277,0.1260
2024-12-30,0.1422,0.1290
2024-12-31,0.1418,0.1238
2025-01-01,0.1418,0.1238
2025-01-02,0.1499,0.1234
2025-01-03,0.1342,0.1283
2025-01-06,0.1330,0.1293
2025-01-07,0.1496,0.1327
2025-01-08,0.1480,0.1324
2025-01-09,,0.1324
2025-01-10,0.1619,0.1388
2025-01-13,0.1598,0.1378
2025-01-14,0.1602,0.1379
2025-01-15,0.1341,0.1471
2025-01-16,0.1336,0.1470
2025-01-17,0.1312,0.1502
2025-01-20,,0.1502
2025-01-21,0.1224,0.1516
2025-01-22,0.1183,0.1524
2025-01-23,0.1171,0.1532
2025-01-24,0.1175,0.1526
2025-01-27,0.1439,0.1580
2025-01-28,0.1315,0.1584
2025-01-29,0.1364,0.1582
2025-01-30,0.1302,0.1590
2025-01-31,0.1373,0.1593
2025-02-03,0.1527,0.1600
2025-02-04,0.1390,0.1337
2025-02-05,0.1298,0.1339
2025-02-06,0.1246,0.1322
2025-02-07,0.1331,0.1344
2025-02-10,0.1268,0.1320
2025-02-11,0.1256,0.1320
2025-02-12,0.1300,0.1285
2025-02-13,0.1194,0.1265
2025-02-14,0.1171,0.1257
2025-02-17,0.1171,0.1257
2025-02-18,0.1213,0.1253
2025-02-19,0.1197,0.1210
2025-02-20,0.1196,0.1211
2025-02-21,0.1457,0.1273
2025-02-24,0.1541,0.1282
2025-02-25,0.1603,0.1203
2025-02-26,0.1592,0.1203
2025-02-27,0.1767,0.1298
2025-02-28,0.1565,0.1269
2025-03-03,0.1893,0.1369
2025-03-04,0.1989,0.1371
2025-03-05,0.1869,0.1382
2025-03-06,0.2170,0.1449
2025-03-07,0.1996,0.1450
2025-03-10,0.2395,0.1622
2025-03-11,0.2369,0.1594
2025-03-12,0.2169,0.1577
2025-03-13,0.2243,0.1607
2025-03-14,0.1947,0.1730
2025-03-17,0.1826,0.1752
2025-03-18,0.1940,0.1765
2025-03-19,0.1767,0.1787
2025-03-20,0.1753,0.1778
2025-03-21,0.1716,0.1770
2025-03-24,0.1548,0.1851
2025-03-25,0.1496,0.1838
2025-03-26,0.1626,0.1861
2025-03-27,0.1660,0.1860
2025-03-28,0.1908,0.1894
2025-03-31,0.1877,0.1913
2025-04-01,0.1867,0.1913
2025-04-02,0.1852,0.1926
2025-04-03,0.2543,0.2373
2025-04-04,0.3623,0.2856
2025-04-07,0.3958,0.2858
2025-04-08,0.4255,0.2873
2025-04-09,0.2678,0.4204
2025-04-10,0.3556,0.4363
2025-04-11,0.3241,0.4371
2025-04-14,0.2641,0.4367
2025-04-15,0.2540,0.4358
2025-04-16,0.2836,0.4378
2025-04-17,0.2650,0.4358
2025-04-18,0.2650,0.4358
2025-04-21,0.3012,0.4393
2025-04-22,0.2749,0.4416
2025-04-23,0.2542,0.4440
2025-04-24,0.2336,0.4483
2025-04-25,0.2179,0.4472
2025-04-28,0.2198,0.4430
2025-04-29,0.2110,0.4428
2025-04-30,0.2179,0.4417
2025-05-01,0.2094,0.4410
2025-05-02,0.1924,0.4432
2025-05-05,0.2007,0.4434
2025-05-06,0.2129,0.4408
2025-05-07,0.2046,0.4409
2025-05-08,0.1975,0.4402
2025-05-09,0.1942,0.4401
2025-05-12,0.1555,0.4457
2025-05-13,0.1524,0.4457
2025-05-14,0.1560,0.4457
2025-05-15,0.1500,0.4456
2025-05-16,0.1463,0.4174
2025-05-19,0.1555,0.3714
2025-05-20,0.1554,0.3717
2025-05-21,0.1774,0.3723
2025-05-22,0.1727,0.2415
2025-05-23,0.1876,0.1988
2025-05-26,,0.1988
2025-05-27,0.1549,0.2008
2025-05-28,0.1604,0.2016
2025-05-29,0.1570,0.2009
2025-05-30,0.1548,0.1863
2025-06-02,0.1531,0.1862
2025-06-03,0.1469,0.1662
2025-06-04,0.1474,0.1546
2025-06-05,0.1533,0.1529
2025-06-06,0.1397,0.1453
2025-06-09,0.1426,0.1449
2025-06-10,0.1376,0.1449
2025-06-11,0.1414,0.1455
2025-06-12,0.1434,0.1454
2025-06-13,0.1644,0.1504
2025-06-16,0.1487,0.1473
2025-06-17,0.1695,0.1488
2025-06-18,0.1623,0.1457
2025-06-19,,0.1457
2025-06-20,0.1671,0.1472
2025-06-23,0.1559,0.1483
2025-06-24,0.1401,0.1502
2025-06-25,0.1372,0.1201
2025-06-26,0.1354,0.1206
2025-06-27,0.1345,0.1211
2025-06-30,0.1381,0.1210
2025-07-01,0.1392,0.1203
2025-07-02,0.1431,0.1206
2025-07-03,0.1384,0.1212
2025-07-04,,0.1212
2025-07-07,0.1512,0.1111
2025-07-08,0.1426,0.1112
2025-07-09,0.1337,0.1085
2025-07-10,0.1329,0.0940
2025-07-11,0.1377,0.0926
2025-07-14,0.1448,0.0924
2025-07-15,0.1483,0.0937
2025-07-16,0.1446,0.0932
2025-07-17,0.1384,0.0933
2025-07-18,0.1365,0.0934
2025-07-21,0.1384,0.0913
2025-07-22,0.1370,0.0880
2025-07-23,0.1269,0.0902
2025-07-24,0.1267,0.0895
2025-07-25,0.1218,0.0888
2025-07-28,0.1240,0.0888
2025-07-29,0.1289,0.0810
2025-07-30,0.1302,0.0784
2025-07-31,0.1376,0.0740
2025-08-01,0.1647,0.0911
2025-08-04,0.1391,0.0972
2025-08-05,0.1467,0.0964
2025-08-06,0.1348,0.0940
2025-08-07,0.1353,0.0941
2025-08-08,0.1232,0.0941
2025-08-11,0.1312,0.0940
2025-08-12,0.1193,0.0974
2025-08-13,0.1155,0.0974
2025-08-14,0.1179,0.0971
2025-08-15,0.1207,0.0956
2025-08-18,0.1210,0.0923
2025-08-19,0.1272,0.0941
2025-08-20,0.1305,0.0935
2025-08-21,0.1407,0.0943
2025-08-22,0.1164,0.1026
2025-08-25,0.1204,0.1038
2025-08-27,0.1186,0.1029
2025-08-28,0.1130,0.1021
2025-08-29,0.1186,0.1040
2025-09-02,0.1366,0.1067
2025-09-03,0.1299,0.1076
2025-09-04,0.1226,0.1075
2025-09-05,0.1197,0.1081
2025-09-08,0.1209,0.1077
2025-09-09,0.1190,0.1078
2025-09-10,0.1191,0.1075
2025-09-11,0.1167,0.1094
2025-09-12,0.1168,0.1085
2025-09-15,0.1233,0.0949
2025-09-16,0.1296,0.0868
2025-09-17,0.1248,0.0850
2025-09-18,0.1247,0.0836
2025-09-19,0.1257,0.0833
2025-09-22,0.1315,0.0818
2025-09-23,0.1368,0.0837
2025-09-24,0.1344,0.0800
2025-09-25,0.1385,0.0812
2025-09-26,0.1272,0.0825
2025-09-29,0.1316,0.0821
2025-09-30,0.1310,0.0824
2025-10-01,0.1315,0.0802
2025-10-02,0.1349,0.0793
2025-10-03,0.1336,0.0776
2025-10-06,0.1332,0.0666
2025-10-07,0.1415,0.0661
2025-10-08,0.1324,0.0669
2025-10-09,0.1345,0.0680
2025-10-10,0.1821,0.1069
2025-10-13,0.1542,0.1137
2025-10-14,0.1646,0.1111
2025-10-15,0.1650,0.1108
2025-10-16,0.1957,0.1109
2025-10-17,0.1684,0.1114
2025-10-20,0.1466,0.1147
2025-10-21,0.1429,0.1146
2025-10-22,0.1516,0.1159
2025-10-23,0.1406,0.1148
2025-10-24,0.1318,0.1167
2025-10-27,0.1303,0.1202
2025-10-28,0.1379,0.1200
2025-10-29,0.1439,0.1198
2025-10-30,0.1491,0.1247
2025-10-31,0.1483,0.1248
2025-11-03,0.1457,0.1243
2025-11-04,0.1578,0.1285
2025-11-05,0.1492,0.1282
2025-11-06,0.1650,0.1317
2025-11-07,0.1618,0.1308
2025-11-10,0.1465,0.1378
2025-11-11,0.1442,0.1376
2025-11-12,0.1459,0.1374
2025-11-13,0.1698,0.1464
2025-11-14,0.1685,0.1464
2025-11-17,0.1878,0.1485
2025-11-18,0.2017,0.1501
2025-11-19,0.1963,0.1494
2025-11-20,0.2183,0.1554
2025-11-21,0.1948,0.1367
2025-11-24,0.1672,0.1361
2025-11-25,0.1489,0.1385
2025-11-26,0.1413,0.1393
2025-11-27,,0.1393
2025-11-28,0.1349,0.1381
2025-12-01,0.1416,0.1383
2025-12-02,0.1381,0.1354
2025-12-03,0.1344,0.1356
2025-12-04,0.1300,0.1345
2025-12-05,0.1275,0.1337
2025-12-08,0.1375,0.1322
2025-12-09,0.1376,0.1277
2025-12-10,0.1289,0.1289
2025-12-11,0.1201,0.1291
2025-12-12,0.1272,0.1289
2025-12-15,0.1328,0.1286
2025-12-16,0.1335,0.1287
2025-12-17,0.1478,0.1281
2025-12-18,0.1348,0.1296
2025-12-19,0.1222,0.1267
2025-12-22,0.1141,0.1277
2025-12-23,0.1116,0.1205
2025-12-24,0.1090,0.1207
2025-12-25,0.1090,0.1207
2025-12-26,0.1114,0.1207
2025-12-29,0.1195,0.1101
2025-12-30,0.1202,0.1102
2025-12-31,0.1280,0.1088
2026-01-01,0.1280,0.1088
2026-01-02,0.1248,0.1052
2026-01-05,0.1268,0.1062
2026-01-06,0.1246,0.0945
2026-01-07,0.1284,0.0926
2026-01-08,0.1284,0.0839
2026-01-09,0.1191,0.0818
2026-01-12,0.1245,0.0799
2026-01-13,0.1307,0.0790
2026-01-14,0.1356,0.0792
2026-01-15,0.1281,0.0794
2026-01-16,0.1301,0.0790
2026-01-19,,0.0790
2026-01-20,0.1678,0.0996
2026-01-21,0.1418,0.1052
2026-01-22,0.1327,0.1058
2026-01-23,0.1317,0.1058
2026-01-26,0.1332,0.1051
2026-01-27,0.1323,0.1055
2026-01-28,0.1365,0.1001
2026-01-29,0.1388,0.1002
2026-01-30,0.1453,0.1002
2026-02-02,0.1361,0.0946
2026-02-03,0.1502,0.0966
2026-02-04,0.1632,0.0965
2026-02-05,0.1850,0.1016
2026-02-06,0.1496,0.1154
2026-02-09,0.1451,0.1158
2026-02-10,0.1465,0.1161
2026-02-11,0.1477,0.1156
2026-02-12,0.1738,0.1242
2026-02-13,0.1720,0.1224
2026-02-16,0.1720,0.1224
2026-02-17,0.1722,0.1224
2026-02-18,0.1656,0.1217
2026-02-19,0.1721,0.1206
2026-02-20,0.1585,0.1222
2026-02-23,0.1791,0.1257
2026-02-24,0.1623,0.1261
2026-02-25,0.1450,0.1285
2026-02-26,0.1498,0.1294
2026-02-27,0.1615,0.1293
2026-03-02,0.1684,0.1291
2026-03-03,0.1887,0.1314
2026-03-04,0.1697,0.1186
2026-03-05,0.1841,0.1150
2026-03-06,0.2287,0.1197
2026-03-09,0.1961,0.1229
2026-03-10,0.2027,0.1217
2026-03-11,0.1956,0.1209
2026-03-12,0.2257,0.1278
2026-03-13,0.2296,0.1284
2026-03-16,0.2005,0.1327
2026-03-17,0.1866,0.1319
2026-03-18,0.2098,0.1355
2026-03-19,0.2078,0.1352
2026-03-20,0.2371,0.1391
2026-03-23,0.2209,0.1301
2026-03-24,0.2253,0.1287
2026-03-25,0.2149,0.1305
2026-03-26,0.2418,0.1386
2026-03-27,0.2648,0.1401
2026-03-30,0.2574,0.1398
2026-03-31,0.2165,0.1662
2026-04-01,0.2092,0.1672
2026-04-02,0.2058,0.1673
2026-04-03,0.2058,0.1673
2026-04-06,0.2032,0.1664
2026-04-07,0.2165,0.1644
2026-04-08,0.1735,0.1798
2026-04-09,0.1613,0.1788
2026-04-10,0.1589,0.1782
2026-04-13,0.1535,0.1801
2026-04-14,0.1501,0.1835
2026-04-15,0.1507,0.1825
2026-04-16,0.1489,0.1817
2026-04-17,0.1457,0.1835
2026-04-20,0.1576,0.1786
2026-04-21,0.1702,0.1789
2026-04-22,0.1561,0.1805
2026-04-23,0.1609,0.1810
2026-04-24,0.1584,0.1745
2026-04-27,0.1542,0.1729
2026-04-28,0.1533,0.1727
2026-04-29,0.1566,0.1728
2026-04-30,0.1443,0.1673
2026-05-04,0.1523,0.1567
2026-05-05,0.1480,0.1559
2026-05-06,0.1475,0.1575
2026-05-07,0.1460,0.1587
2026-05-08,0.1460,0.1453
2026-05-11,0.1546,0.1302
2026-05-12,0.1511,0.1293
2026-05-15,0.1534,0.1184
2026-05-18,0.1527,0.1191
2026-05-19,0.1573,0.1226
2026-05-20,0.1511,0.1063
2026-05-21,0.1438,0.1060
2026-05-22,0.1436,0.1055
2026-05-25,,0.1055
2026-05-26,0.1429,0.1042
2026-05-27,0.1375,0.1009
2026-05-28,0.1316,0.1001
2026-05-29,0.1272,0.1001
2026-06-01,0.1325,0.0959
2026-06-02,0.1325,0.0951
2026-06-03,0.1353,0.0955
2026-06-04,0.1290,0.0928
2026-06-05,0.1632,0.1228
2026-06-08,0.1559,0.1213
2026-06-09,0.1648,0.1219
2026-06-10,0.1848,0.1304
2026-06-11,0.1644,0.1386
2026-06-12,0.1493,0.1367
2026-06-15,0.1330,0.1447
2026-06-16,0.1364,0.1456
2026-06-17,0.1531,0.1497
2026-06-18,0.1403,0.1462
2026-06-19,,0.1462
2026-06-22,0.1466,0.1462
2026-06-23,0.1669,0.1507
2026-06-24,0.1686,0.1505
2026-06-25,0.1625,0.1506
2026-06-26,0.1652,0.1509
2026-06-29,0.1505,0.1569
2026-06-30,0.1382,0.1545
2026-07-01,0.1371,0.1546
2026-07-02,0.1360,0.1532
2026-07-03,,0.1532
2026-07-06,0.1307,0.1524
2026-07-07,0.1343,0.1531
2026-07-08,0.1385,0.1530
2026-07-09,0.1305,0.1538
2026-07-10,0.1260,0.1542
2026-07-13,0.1416,0.1550
2026-07-14,0.1368,0.1552
2026-07-15,0.1289,0.1555
2026-07-16,0.1369,0.1561
2026-07-17,0.1524,0.1574
2026-07-20,0.1521,0.1569
2026-07-21,0.1389,0.1391
2026-07-22,0.1401,0.1391
2026-07-23,0.1571,0.1437
2026-07-24,0.1535,0.1355
2026-07-27,0.1548,0.1264
2026-07-28,0.1530,0.1256
2026-07-29,0.1713,0.1220
2026-07-30,0.1441,0.1314
2026-07-31,0.1307,0.1279
2026-08-03,0.1279,0.1324
2026-08-04,0.1377,0.1411
2026-08-05,0.1340,0.1334
2026-08-06,0.1292,0.1336
2026-08-07,0.1260,0.1342
2026-08-10,0.1282,0.1317
2026-08-11,0.1272,0.1251
2026-08-12,0.1210,0.1237
2026-08-13,0.1222,0.1246
2026-08-14,0.1190,0.1247
2026-08-17,0.1264,0.1240
2026-08-18,0.1309,0.1249
2026-08-19,0.1244,0.1244
2026-08-20,0.1330,0.1253
2026-08-21,0.1266,0.1252
2026-08-24,0.1297,0.1233
2026-08-25,0.1275,0.1232
2026-08-26,0.1263,0.1228
2026-08-27,0.1176,0.1227
2026-08-28,0.1158,0.1187
2026-08-31,0.1198,0.1191
2026-09-01,0.1307,0.1192
2026-09-02,0.1238,0.1196
2026-09-03,0.1172,0.1160
2026-09-04,0.1175,0.1170
2026-09-07,0.1175,0.1170
2026-09-08,0.1286,0.1187
2026-09-09,0.1334,0.1198
2026-09-10,0.1465,0.1113
2026-09-11,0.1266,0.1038
2026-09-14,0.1362,0.1033
2026-09-15,0.1398,0.0960
2026-09-16,0.1415,0.0804
2026-09-17,0.1249,0.0875
2026-09-18,0.1212,0.0874
2026-09-21,0.1213,0.0970
2026-09-22,0.1181,0.0970
2026-09-23,0.1244,0.0988
2026-09-24,0.1275,0.0985
2026-09-25,0.1221,0.0976
2026-09-28,0.1339,0.0997
2026-09-30,0.1388,0.0973
2026-10-01,0.1373,0.0972
